{
  "train_loss": [
    78.64746475219727,
    86.54685974121094,
    72.43524551391602
  ],
  "eval_metrics": [
    {
      "MRR": 0.6666666666666666,
      "MAP": 0.6666666666666666,
      "NDCG@3": 0.6666666666666666,
      "Precision@3": 0.3333333333333333,
      "NDCG@5": 0.6666666666666666,
      "Precision@5": 0.3333333333333333,
      "NDCG@10": 0.6666666666666666,
      "Precision@10": 0.3333333333333333
    },
    {
      "MRR": 0.6666666666666666,
      "MAP": 0.6666666666666666,
      "NDCG@3": 0.6666666666666666,
      "Precision@3": 0.3333333333333333,
      "NDCG@5": 0.6666666666666666,
      "Precision@5": 0.3333333333333333,
      "NDCG@10": 0.6666666666666666,
      "Precision@10": 0.3333333333333333
    },
    {
      "MRR": 0.6666666666666666,
      "MAP": 0.6666666666666666,
      "NDCG@3": 0.6666666666666666,
      "Precision@3": 0.3333333333333333,
      "NDCG@5": 0.6666666666666666,
      "Precision@5": 0.3333333333333333,
      "NDCG@10": 0.6666666666666666,
      "Precision@10": 0.3333333333333333
    }
  ],
  "best_ndcg": 0.6666666666666666
}